"","timepoint","Pvalue","Tvalue","def_mean","int_mean","module","Experiment","Variety","Compartment"
"47","day5",0.0108073685356935,5.76885703713936,-0.74895881692392,-0.405050328916532,"module6","Exp1","NIP","Root"
"243","day4",0.00760958323730121,5.90580348062838,-0.0168086831531198,1.19912359636248,"module6","Exp2","NIP","Root"
"56","day7",0.0357637741085155,4.43986190280653,-0.747017831333402,1.16010625537522,"module17","Exp1","NIP","Root"
"252","day5",0.00957011821748825,4.94160706182969,-0.931104221407638,0.663962420557623,"module17","Exp2","NIP","Root"
"71","day5",0.0177281032598911,3.95618547819294,0.00938291863409621,1.24734401911135,"module13","Exp1","NIP","Root"
"72","day7",0.0462459916494685,3.60251986460922,-0.482534428047898,1.5087926532945,"module13","Exp1","NIP","Root"
"268","day5",0.0202255607733083,4.65207212485222,-0.609029856925964,0.867670814264338,"module13","Exp2","NIP","Root"
"80","day7",0.00994650569348824,-8.33116556001489,0.0492073219846556,-0.49423400539892,"module15","Exp1","NIP","Root"
"274","day3",0.013034096848971,-4.40620207877118,0.876085833497908,-0.634718099563246,"module15","Exp2","NIP","Root"
